"","CT2000_unique","avgChronCond","numPatients"
"1","QN018900",5.49090909090909,110
"2","QN162100",4.94029850746269,134
"3","MN023800",5.26535626535627,407
"4","BK017800",6.44444444444444,180
"5","MN017900",5.00925925925926,324
"6","QN099702",5.61985145172181,1481
"7","QN099701",5.63063063063063,222
"8","QN054200",4.65454545454545,110
"9","MN001800",5.03787878787879,264
"10","BK016700",5.01204819277108,83
"11","QN103300",5.52232142857143,224
"12","QN099100",5.50608695652174,575
"13","QN063500",4.70909090909091,110
"14","MN007700",5.13440860215054,186
"15","BX031700",7.04017857142857,672
"16","MN016700",5.10876132930514,331
"17","BX026400",5.74,150
"18","QN004500",5.40282685512368,283
"19","BX043100",6.20408163265306,294
"20","QN096200",6.81818181818182,99
"21","QN120500",6.43642611683849,291
"22","QN117500",5.26404494382022,178
"23","SI022600",5.25128205128205,195
"24","MN010000",5.44036697247706,109
"25","MN019100",4.84193548387097,310
"26","QN006300",5.32716049382716,162
"27","MN008100",5.07070707070707,198
"28","MN014402",5.20422535211268,284
"29","QN129101",5.79724409448819,508
"30","MN007000",5.51791530944625,307
"31","MN019900",5.50479233226837,313
"32","MN006700",5,151
"33","MN015200",5.38575667655786,337
"34","MN014802",5.11481481481481,270
"35","MN015900",5.05228758169935,459
"36","QN075700",5.77647058823529,765
"37","MN015500",5.15921052631579,760
"38","MN009300",5.51683168316832,505
"39","MN015002",5.07883817427386,482
"40","MN013000",5.24552429667519,391
"41","BK070201",5.93899782135076,459
"42","QN155101",5.912,875
"43","MN010800",5.29482071713147,502
"44","BK000302",4.48,25
"45","MN008200",5.35119047619048,168
"46","MN011402",5.44767441860465,172
"47","BK056700",5.16842105263158,95
"48","MN007100",5.4337899543379,219
"49","MN014200",5.33888888888889,360
"50","MN001501",5.23182711198428,509
"51","MN027100",5.64244186046512,344
"52","QN077905",4.93478260869565,92
"53","MN012000",5.22270742358079,458
"54","QN050201",5.11111111111111,27
"55","MN017500",5.61397058823529,544
"56","MN016001",4.8125,192
"57","MN010601",5.34388185654008,948
"58","MN012600",5.35820895522388,871
"59","QN013800",6.25190839694656,131
"60","MN008800",5.0530612244898,245
"61","QN086300",5.32835820895522,201
"62","QN091601",5.18974358974359,390
"63","SI017010",5.34123222748815,211
"64","BK038300",4.62,50
"65","QN103202",6.24038461538461,208
"66","BK000100",5.21033210332103,271
"67","BK053400",7.07037037037037,270
"68","BX017500",5.58490566037736,106
"69","QN116300",5.84308510638298,376
"70","BX026602",5.1375,240
"71","QN005900",5.7378640776699,103
"72","BK061001",7.50583333333333,1200
"73","BK105800",7.22737955346651,1702
"74","BK028400",6.3719806763285,207
"75","BX006500",5.453125,64
"76","QN120300",5.33333333333333,48
"77","QN074300",6.41296928327645,293
"78","BK005000",5.68055555555556,144
"79","QN029100",6.10648148148148,216
"80","BK073200",5.87719298245614,57
"81","SI018902",5.36864406779661,236
"82","BK023300",5.35,80
"83","MN020500",5.05839416058394,137
"84","MN006300",5.36624203821656,314
"85","MN017000",5.4,325
"86","MN031701",5.62171052631579,304
"87","BK054200",7.04325699745547,393
"88","BX029700",5.54308093994778,383
"89","MN027500",5.43262411347518,141
"90","QN129102",5.47698744769875,239
"91","MN013400",5.2874109263658,421
"92","BK003100",6.56837606837607,234
"93","BK004000",5.17365269461078,167
"94","MN023700",5.04848484848485,165
"95","BK059300",4.25,40
"96","MN004900",4.96045197740113,177
"97","BX037200",4.54545454545455,55
"98","MN017300",5.2080378250591,423
"99","MN012800",5.27112676056338,568
"100","MN017100",5.07868020304569,394
"101","MN013700",5.12813370473538,359
"102","MN015300",4.80927835051546,388
"103","MN009800",5.11026615969582,263
"104","BK045000",5.42553191489362,94
"105","BK024000",6.6177370030581,327
"106","BK107800",4.85106382978723,94
"107","MN018700",5.01683501683502,297
"108","MN009100",5.140625,128
"109","MN015400",5.30385487528345,441
"110","MN011401",5.50442477876106,113
"111","BX026300",6.07268170426065,399
"112","MN019500",4.8974358974359,234
"113","MN007400",5.02352941176471,85
"114","QN077901",6.17039106145251,358
"115","QN046600",5.50537634408602,93
"116","QN048900",5.13793103448276,29
"117","BK050400",6.45161290322581,155
"118","BX011000",5.47692307692308,65
"119","MN012100",5.19354838709677,310
"120","BK016500",5.34319526627219,169
"121","BK074200",5.67692307692308,65
"122","BX030100",6.00946372239748,317
"123","BX043000",5.39189189189189,74
"124","QN144700",5.25274725274725,91
"125","MN013800",6.03150684931507,730
"126","QN028700",5.46613545816733,251
"127","BK030900",6,18
"128","MN007300",5.06896551724138,174
"129","MN009000",5.30042918454936,233
"130","BX008400",4.85714285714286,49
"131","MN016300",5.3961038961039,308
"132","MN012200",5.23880597014925,335
"133","BK042000",6.77647058823529,85
"134","QN063200",5.21052631578947,57
"135","BK002300",5.45945945945946,74
"136","BK072600",5.11764705882353,51
"137","BK052700",5.3695652173913,138
"138","BK055400",7.04794520547945,292
"139","QN013500",5.05607476635514,107
"140","MN017202",5.70967741935484,31
"141","QN116100",6.08333333333333,192
"142","QN072100",6.53439153439153,378
"143","QN022002",6.02790697674419,215
"144","MN000600",5.32987012987013,770
"145","BK031500",5.06944444444444,72
"146","BX022402",6.61682242990654,214
"147","SI027301",5.39506172839506,162
"148","BK041402",6.93296089385475,179
"149","MN011800",5.43378119001919,521
"150","BX029300",5.67989756722151,781
"151","MN014602",5.46037735849057,265
"152","MN022000",4.86363636363636,66
"153","BX030700",5.33192686357243,711
"154","BX034500",5.21243523316062,193
"155","MN012900",6.08988764044944,89
"156","MN006100",5.33333333333333,120
"157","BK024200",6.10975609756098,82
"158","BK013000",5.3741935483871,155
"159","SI029103",5.3169014084507,284
"160","MN016500",5.00796812749004,251
"161","BK000700",5.1025641025641,78
"162","BK076200",6.98529411764706,340
"163","BK010800",5.19090909090909,110
"164","QN103900",5.30877192982456,285
"165","BK048100",6.21739130434783,138
"166","QN026300",5.26373626373626,91
"167","QN157101",5.15957446808511,282
"168","BX020601",5.77027027027027,74
"169","MN004000",5.304,125
"170","QN058700",5.43478260869565,92
"171","MN003200",5.90673575129534,386
"172","MN016900",5.09219858156028,282
"173","MN018500",4.89169675090253,277
"174","MN015700",5.036866359447,434
"175","BK084000",5.17647058823529,51
"176","MN005501",5.16541353383459,133
"177","BK044000",6.43661971830986,142
"178","QN071301",6.56489361702128,940
"179","QN048200",6.23943661971831,71
"180","QN080900",5.99674267100977,307
"181","MN008900",5.39130434782609,138
"182","MN005900",5.44144144144144,333
"183","QN136700",5.87692307692308,390
"184","BK056400",6.23870967741935,155
"185","BK016000",5.5655737704918,122
"186","QN088901",5.7012987012987,539
"187","QN048300",5.12987012987013,77
"188","SI025100",5.07142857142857,266
"189","SI019600",5.06918238993711,159
"190","BX045101",5.26732673267327,101
"191","SI018901",5.24579124579125,297
"192","QN145101",5.36666666666667,60
"193","MN008600",5.05299539170507,434
"194","SI018500",6.10330578512397,242
"195","QN125700",5.7,100
"196","BK042800",6.92721518987342,316
"197","QN023200",5.69677419354839,155
"198","SI001100",5.46341463414634,41
"199","QN127300",5.22448979591837,98
"200","QN073700",5.30357142857143,112
"201","MN009900",4.8,15
"202","BK076400",5.70454545454545,88
"203","QN134700",5.29003021148036,331
"204","MN018100",4.94936708860759,553
"205","MN028100",6.72177419354839,248
"206","MN009500",5.61764705882353,34
"207","QN115700",5.15702479338843,121
"208","SI021300",5.32876712328767,73
"209","BK000301",5.37179487179487,156
"210","BX018100",6.27480916030534,131
"211","MN010602",5.4469696969697,132
"212","MN017401",5.895,200
"213","MN014000",5.24121779859485,427
"214","QN148300",5.52093023255814,215
"215","QN032900",5.01298701298701,77
"216","QN047200",6.41970802919708,274
"217","BK041000",5.5748031496063,127
"218","MN005100",5.23636363636364,55
"219","MN027900",5.46103896103896,308
"220","QN022001",5.48198198198198,222
"221","BK005202",5.6303317535545,211
"222","QN127500",5.43243243243243,148
"223","QN133300",5.60905349794239,243
"224","MN003300",5.10169491525424,59
"225","BX020200",5.76190476190476,42
"226","SI020804",5.01492537313433,201
"227","QN067900",6.70083102493075,361
"228","MN024100",4.72727272727273,341
"229","BK002200",6.5354609929078,282
"230","BK082800",4.73214285714286,56
"231","SI004700",5.17391304347826,115
"232","MN015801",5.21862348178138,247
"233","MN021100",4.92230576441103,399
"234","MN015001",5.12337662337662,154
"235","QN011200",5.29411764705882,68
"236","QN071100",6.05555555555556,342
"237","MN005000",5.3494623655914,186
"238","MN015802",5.8125,48
"239","SI013800",5.05865921787709,358
"240","QN007100",4.98913043478261,92
"241","QN104700",5.50694444444444,432
"242","QN077100",4.27450980392157,51
"243","BX028800",5.14649681528662,157
"244","QN057800",5.36666666666667,120
"245","BK000500",5.61363636363636,308
"246","MN010200",5.52380952380952,21
"247","QN077904",5.74349442379182,269
"248","MN003400",5.66964285714286,112
"249","BK015900",5.31034482758621,116
"250","QN093400",5.68622448979592,392
"251","SI000300",4.70588235294118,17
"252","BK052800",5.31818181818182,66
"253","QN016400",5.21739130434783,46
"254","MN004800",5.39084507042254,284
"255","BK102000",5.67567567567568,37
"256","MN011000",5.26934984520124,323
"257","MN014601",4.55555555555556,81
"258","QN139900",5.16483516483517,91
"259","QN092500",5.47126436781609,87
"260","BK033100",5.76515151515152,132
"261","MN014900",5.16666666666667,306
"262","MN004401",5.30271668822768,773
"263","QN055100",5.74117647058824,85
"264","SI018701",4.76666666666667,60
"265","QN105900",5.33870967741935,248
"266","MN000201",5.57391304347826,115
"267","QN117100",5.48421052631579,95
"268","MN016800",6.11068702290076,262
"269","BK052400",5.56140350877193,57
"270","SI017300",5.41666666666667,96
"271","MN013900",4.98148148148148,324
"272","BK061200",5.56756756756757,74
"273","QN073900",5.90526315789474,475
"274","QN085700",5.94954128440367,218
"275","BK030200",5.58823529411765,170
"276","BK043400",7.00375939849624,266
"277","QN043400",5.23529411764706,34
"278","BK055600",6.35545023696682,211
"279","BK035000",7.05591397849462,465
"280","BK026600",5.76875,160
"281","MN018900",5.57543859649123,570
"282","MN002900",4.93679458239278,443
"283","MN004100",5.11764705882353,459
"284","MN013500",5.08502024291498,247
"285","SI018702",6.2713987473904,479
"286","BK024600",5.41880341880342,117
"287","SI002900",4.48837209302326,43
"288","MN000800",4.91843971631206,564
"289","QN010000",5.08620689655172,58
"290","QN053900",5.47761194029851,67
"291","QN091900",5.9789029535865,237
"292","MN016400",5.51369863013699,146
"293","BK091200",5.75342465753425,73
"294","QN071302",6.16051364365971,623
"295","QN145102",5.09859154929577,71
"296","QN070300",5.42483660130719,153
"297","BK076600",4.79411764705882,34
"298","MN017700",5.0625,608
"299","MN028700",4.90816326530612,98
"300","QN092200",5.58235294117647,170
"301","BK049400",7.17741935483871,434
"302","MN006000",5.6437908496732,612
"303","MN016100",4.84895833333333,192
"304","QN097201",6.39015151515152,264
"305","QN088400",5.52083333333333,384
"306","MN013600",5.16709183673469,784
"307","QN025700",5.66666666666667,42
"308","QN146300",6.30188679245283,106
"309","BK050202",6.09090909090909,110
"310","BX030000",5.18614718614719,231
"311","MN013200",5.05089820359281,334
"312","BX032300",5.26409495548961,337
"313","BK003400",5.17218543046358,151
"314","MN014801",5.47337278106509,169
"315","SI000600",5.5273631840796,201
"316","QN076901",5.45562130177515,169
"317","BK004100",6.58579881656805,169
"318","SI014603",5.43402777777778,288
"319","QN031700",5.19369369369369,222
"320","BK023800",6.57234726688103,311
"321","QN028900",5.58510638297872,188
"322","MN007500",5.07865168539326,89
"323","BX038300",4.95876288659794,97
"324","QN133900",6.06976744186047,86
"325","MN009700",5.4185520361991,442
"326","BK005400",5.46231155778894,199
"327","SI014700",5.29326923076923,208
"328","MN008000",5.49236641221374,262
"329","QN027700",5.61585365853659,164
"330","QN101002",6.71341463414634,328
"331","MN006600",5.30409356725146,513
"332","BK037400",7.05188679245283,1060
"333","BK072800",4.80314960629921,127
"334","QN025300",5.15483870967742,155
"335","BK033600",6.22448979591837,196
"336","BK008400",5.23728813559322,59
"337","MN007600",5.93333333333333,45
"338","MN012400",5.46590909090909,352
"339","BK010600",4.91818181818182,110
"340","BK013400",5.45882352941176,170
"341","MN021600",5.03053435114504,131
"342","MN008700",5.15686274509804,102
"343","BK034000",7.51816443594646,523
"344","QN094203",5.63559322033898,236
"345","MN006500",5.15748031496063,127
"346","BK006000",5.34444444444444,90
"347","BX037300",5.18367346938776,49
"348","BK047600",5.80952380952381,210
"349","QN101001",6.55776892430279,502
"350","BK050000",5.78048780487805,164
"351","BK063200",5.87333333333333,150
"352","MN007900",5.27272727272727,154
"353","QN152902",5.63771712158809,403
"354","MN002800",5.44600938967136,213
"355","QN112900",5.12,75
"356","BK004500",5.15384615384615,78
"357","BK046002",5.76666666666667,30
"358","MN005700",5.32432432432432,185
"359","BK029400",7.28744939271255,247
"360","QN071900",7.1741935483871,155
"361","BK117800",5.30769230769231,13
"362","QN071700",6.23547880690738,637
"363","SI005900",5.25,124
"364","MN018300",5.11209439528024,339
"365","MN007200",5.10267857142857,224
"366","MN006800",5.27878787878788,165
"367","MN006400",5.49702380952381,336
"368","BK035500",5.11428571428571,70
"369","MN003900",5.48818897637795,127
"370","BX024800",5.55395683453237,139
"371","QN140902",5.11811023622047,127
"372","BX027700",4.78260869565217,69
"373","BK021500",5.47619047619048,105
"374","SI011201",5.6195652173913,184
"375","MN002500",5.73399014778325,406
"376","BX019400",6.28571428571429,42
"377","QN080302",5.36,150
"378","BX016000",5,112
"379","BK014200",5.46212121212121,132
"380","QN084500",6.08602150537634,372
"381","MN004200",5.41071428571429,56
"382","BK020700",5.14444444444444,90
"383","QN030901",5.40949554896142,337
"384","QN016900",5.07608695652174,184
"385","QN156700",4.52941176470588,17
"386","QN120700",5.72222222222222,90
"387","QN012800",5.41791044776119,67
"388","BK007000",5.79838709677419,124
"389","BX028500",5.82608695652174,184
"390","QN006900",6.27702702702703,296
"391","QN028500",5.55471698113208,265
"392","BX033900",5,43
"393","MN016200",5.39568345323741,278
"394","BK039100",5.68421052631579,57
"395","QN000100",5.22058823529412,68
"396","QN000700",5.60185185185185,108
"397","QN069701",6.0622009569378,209
"398","MN016002",5.3,110
"399","BK056000",6.7979797979798,396
"400","QN049900",4.79259259259259,135
"401","MN026300",5.45878136200717,279
"402","MN029500",5.04651162790698,172
"403","MN021000",5.06315789473684,285
"404","BK035600",6.90622813156053,1429
"405","BX039901",4.38297872340426,47
"406","BX007200",5.2,90
"407","QN099800",7.38009950248756,1005
"408","MN000202",5.50511247443763,489
"409","MN001600",5.16937354988399,431
"410","BK050201",5.08888888888889,45
"411","QN137700",5.67307692307692,208
"412","QN066300",5.2046783625731,171
"413","BK068000",5.57894736842105,57
"414","SI029104",5.32828282828283,198
"415","QN092800",5.21544715447155,246
"416","QN011400",4.73913043478261,23
"417","BK059600",6.41960784313726,255
"418","BK004900",5.80733944954128,109
"419","SI017008",5.54418604651163,215
"420","BK033900",5.04895104895105,143
"421","BK049600",6.11805555555556,144
"422","BK118201",4.91428571428571,35
"423","QN049200",5.68807339449541,109
"424","QN000800",5.15873015873016,63
"425","BK073600",5.25,56
"426","QN028100",5.35121951219512,205
"427","QN122702",6.13150684931507,365
"428","QN134100",5.27272727272727,154
"429","QN079700",5.94705882352941,510
"430","QN005300",5.28,125
"431","QN077903",5.24691358024691,81
"432","BK031400",5.88679245283019,371
"433","MN018800",5.8130081300813,123
"434","QN118500",5.36585365853659,41
"435","BK045400",6.55121951219512,205
"436","BK062200",7.11278195488722,266
"437","BX033000",5.35971223021583,139
"438","BX026601",5.4,145
"439","SI003600",4.81967213114754,61
"440","MN009200",5.46153846153846,65
"441","QN043700",6.67126436781609,435
"442","BK019200",6.078125,64
"443","BK022200",6.47027027027027,185
"444","BK023200",6.2304347826087,230
"445","BK020200",5.3394495412844,109
"446","BK067000",5.64356435643564,101
"447","BK057100",5.03676470588235,136
"448","SI017006",5.43126684636119,371
"449","QN152901",5.73684210526316,304
"450","QN141701",5.16129032258065,217
"451","BK018400",5.45112781954887,133
"452","MN003002",5.28735632183908,174
"453","BX040900",5.20610687022901,131
"454","QN006200",5.83059418457649,791
"455","BX032900",5.87179487179487,117
"456","QN011100",5.45454545454545,99
"457","BX028700",5.0650406504065,123
"458","QN027500",5.43150684931507,146
"459","MN001001",5.75,140
"460","BK062600",6.11111111111111,207
"461","BK019600",6.4156976744186,344
"462","MN007800",5.01339285714286,224
"463","QN058900",4.95774647887324,71
"464","QN001200",5.71153846153846,104
"465","BK021000",5.38848920863309,139
"466","BK068200",5.77551020408163,49
"467","SI015602",5.3960396039604,202
"468","BK014400",5.47945205479452,73
"469","QN077500",6.35087719298246,114
"470","BK062800",5.484,250
"471","BK086000",4.25,52
"472","BK032900",4.99145299145299,117
"473","BK094401",5.06382978723404,47
"474","QN157902",5.47488584474886,219
"475","QN065701",5.14655172413793,116
"476","QN074700",5.8062015503876,129
"477","QN045000",4.74358974358974,39
"478","BK029500",5.59375,64
"479","MN011201",5.40983606557377,61
"480","BK064200",6.79901960784314,204
"481","BK064000",5.87,100
"482","QN005400",5.47222222222222,108
"483","BK083600",5.34042553191489,47
"484","BK027700",5.37777777777778,45
"485","BK055200",6.81818181818182,330
"486","BK015700",5.33333333333333,105
"487","BK017000",5.45945945945946,148
"488","QN147100",5.46153846153846,156
"489","QN138501",5.39795918367347,196
"490","BK036600",6.79439252336449,214
"491","BK052000",5.48421052631579,95
"492","SI017700",5.04477611940298,335
"493","QN003600",4.85106382978723,47
"494","BK013800",5.61585365853659,164
"495","BK077600",5.17391304347826,115
"496","QN035800",5.21333333333333,75
"497","BK065600",5.46236559139785,93
"498","QN004200",5.07843137254902,51
"499","BK059000",5.7887323943662,71
"500","BK034200",7.55147058823529,952
"501","SI013203",5.37078651685393,267
"502","BK049100",5.27307692307692,260
"503","BK084800",5.42857142857143,49
"504","QN086500",5.74496644295302,298
"505","BK035400",6.87227414330218,963
"506","BK039000",5.87022900763359,131
"507","BX016600",5.37037037037037,81
"508","SI017005",5.61971830985915,142
"509","BK043000",6.99679487179487,312
"510","QN001600",5.81818181818182,55
"511","MN028300",5.55263157894737,266
"512","BX011800",5.34170854271357,199
"513","BK001300",5.66176470588235,68
"514","SI013204",5.29959514170041,247
"515","BK028200",5.87943262411348,141
"516","BK017200",5.58823529411765,119
"517","BX046201",5.79260935143288,1326
"518","BK038800",6.43933054393305,239
"519","BX013200",5.24193548387097,186
"520","BK000900",5.59550561797753,89
"521","BK031300",5.3125,144
"522","BK087200",4.4320987654321,81
"523","BK025400",5.79577464788732,142
"524","BX034300",6.79878048780488,164
"525","BK008500",5.88709677419355,124
"526","BK059402",6.1878453038674,362
"527","QN007300",5.39805825242718,103
"528","BX031800",6.12258064516129,155
"529","BX051600",5.69626168224299,214
"530","QN083700",5.43961352657005,207
"531","QN089200",5.58252427184466,618
"532","BK042600",6.43145161290323,248
"533","QN102900",5.90686274509804,204
"534","QN047800",5.53125,224
"535","SI013400",5.5929648241206,199
"536","QN130100",5.45849802371542,253
"537","QN016300",5.38157894736842,152
"538","BK057600",5.96402877697842,139
"539","QN008800",5.53191489361702,94
"540","BK030600",5.75609756097561,82
"541","BK039400",6.20454545454545,132
"542","BK061600",6.6,215
"543","MN019800",4.72727272727273,44
"544","MN003800",5.13636363636364,220
"545","BK012801",5.44047619047619,84
"546","BK059401",6.39447731755424,507
"547","MN020901",5.14893617021277,94
"548","BX009800",5.15555555555556,90
"549","BX026700",4.85826771653543,127
"550","QN024900",6.2654028436019,211
"551","BX022401",6.30645161290323,62
"552","BX015800",5.74324324324324,74
"553","MN001401",6.13186813186813,273
"554","BX041400",4.72857142857143,70
"555","BX027900",6.85521885521886,297
"556","BX027300",5.54545454545455,154
"557","MN013100",5.89204545454545,176
"558","QN011500",5.25252525252525,99
"559","QN069702",5.85152838427948,229
"560","BX015400",5.35,40
"561","BX025000",5.06611570247934,121
"562","QN080301",5.35714285714286,112
"563","BX044200",4.94642857142857,56
"564","BK029000",6.79233226837061,313
"565","BX037600",4.69047619047619,42
"566","BX040701",4.27027027027027,37
"567","BX039300",5.76510067114094,149
"568","BX024400",4.97142857142857,70
"569","QN011300",5.14728682170543,129
"570","MN023200",4.85526315789474,76
"571","BK015500",5.53333333333333,60
"572","QN007900",5.75641025641026,78
"573","BK049700",5.81818181818182,99
"574","QN066900",5.34108527131783,129
"575","QN118700",5,57
"576","QN061300",5.28346456692913,127
"577","QN026500",5.42253521126761,71
"578","BX031000",7.41605839416058,548
"579","QN092900",5.32298136645963,161
"580","MN023600",5.01445086705202,346
"581","BK040800",5.39166666666667,120
"582","BX029500",5.42783505154639,194
"583","MN015100",5.11538461538461,312
"584","BX033600",4.89423076923077,104
"585","BX042902",6.53846153846154,78
"586","QN014700",5.39823008849558,113
"587","QN101700",5.7093023255814,516
"588","MN019600",6.14685314685315,286
"589","BX032000",5.32051282051282,78
"590","BX031400",6.84810126582278,158
"591","BX039800",5.33962264150943,53
"592","BK028800",6.01015228426396,197
"593","BX040301",4.91919191919192,99
"594","QN144100",5.36690647482014,139
"595","QN010100",5.66666666666667,96
"596","QN093900",5.18803418803419,117
"597","QN157903",6.10526315789474,19
"598","MN027300",5.38205980066445,301
"599","QN050700",5.14375,160
"600","QN007700",5.17857142857143,28
"601","QN098100",5.22222222222222,90
"602","QN072700",5.51190476190476,84
"603","BK070000",5.78846153846154,104
"604","QN098700",5.48695652173913,115
"605","QN085100",5.32,100
"606","QN041500",5.6,55
"607","QN011000",4.72222222222222,36
"608","QN065500",5.17073170731707,41
"609","BX036400",5.16666666666667,54
"610","QN045700",5.33009708737864,103
"611","QN018100",5.60526315789474,266
"612","QN036900",7.19230769230769,208
"613","QN030902",5.18181818181818,231
"614","QN093800",6.54901960784314,408
"615","MN021200",5.50149253731343,335
"616","QN012300",5,130
"617","QN028300",5.63404255319149,235
"618","QN034700",5.12727272727273,55
"619","QN018300",5.58490566037736,212
"620","QN029500",5.44915254237288,118
"621","QN066100",5.12931034482759,116
"622","QN047300",5.72535211267606,142
"623","QN007500",5.54621848739496,238
"624","MN010900",5.80519480519481,77
"625","QN011700",5.07258064516129,124
"626","QN046000",5.19,100
"627","QN017400",4.8,35
"628","BK011400",6.78600823045267,243
"629","QN002500",4.91566265060241,166
"630","BK093400",5,47
"631","BK095800",5.72413793103448,58
"632","QN005700",5.25423728813559,59
"633","MN022301",4.85380116959064,171
"634","QN015900",5.38738738738739,111
"635","QN055500",4.91176470588235,34
"636","BK046202",5.91463414634146,82
"637","MN024500",5.16120906801008,397
"638","MN026500",5.36123348017621,227
"639","BK067800",5.94736842105263,76
"640","QN023500",6.02061855670103,97
"641","QN045200",7.13793103448276,174
"642","QN109700",5.47252747252747,91
"643","BK086600",5.10144927536232,69
"644","BX039600",5.76388888888889,72
"645","BK014900",5.45833333333333,72
"646","MN019300",5.11551155115512,303
"647","BK011200",7.10610932475884,311
"648","QN056400",5.12765957446809,47
"649","MN003001",4.98245614035088,57
"650","BX041500",4.88135593220339,59
"651","BK027000",6.97938144329897,194
"652","BK079800",5.04375,160
"653","MN022900",5.08021390374332,187
"654","BK012200",5.70652173913043,92
"655","QN037900",4.63888888888889,36
"656","BK048400",6.74157303370786,178
"657","BK043800",6.92462311557789,199
"658","BK083400",5.05882352941176,51
"659","QN065600",5.05,80
"660","QN010500",5.53956834532374,139
"661","BK042500",5.8695652173913,23
"662","QN085500",5.26339285714286,224
"663","QN096400",6.1031746031746,126
"664","MN018400",5.48717948717949,195
"665","QN018700",5.30864197530864,81
"666","BK010100",5.61333333333333,75
"667","BK041300",5.51111111111111,45
"668","BK082200",5.43455497382199,191
"669","BK069600",5.65555555555556,360
"670","QN122300",5.77714285714286,175
"671","BK010400",5.40458015267176,131
"672","QN048100",5.43571428571429,140
"673","BK058400",6.38260869565217,230
"674","QN100800",5.63783783783784,185
"675","BK057500",5.26666666666667,105
"676","MN001200",5.86319218241042,307
"677","BK056500",5.05714285714286,70
"678","BK032100",4.69811320754717,106
"679","BK073800",6.45454545454545,99
"680","BK005201",6.57794676806084,526
"681","MN013300",5.35606060606061,132
"682","BK010200",5.02325581395349,86
"683","BK051600",6.4593023255814,172
"684","QN012602",5.41025641025641,39
"685","MN001002",5.4349593495935,246
"686","BK049300",5.78440366972477,218
"687","MN020102",5.0625,64
"688","BK012700",5.88181818181818,110
"689","BK055300",5.74647887323944,71
"690","MN002700",5.288,125
"691","BK095400",5.33333333333333,63
"692","QN046200",5.78365384615385,208
"693","BX017700",6.63775510204082,196
"694","BX005200",5.10344827586207,29
"695","SI017009",4.85802469135802,162
"696","BK037000",6.31007751937984,258
"697","BK053300",5.77777777777778,261
"698","QN002400",5.60377358490566,53
"699","QN058100",5.09195402298851,87
"700","QN013400",6.35135135135135,296
"701","BK036002",7.81288819875776,1288
"702","BK021800",5.8,115
"703","QN045400",4.57692307692308,52
"704","MN021800",5.24299065420561,107
"705","BK003600",5.61256544502618,191
"706","MN023300",4.79245283018868,106
"707","QN011900",4.67391304347826,46
"708","QN077902",6.0078431372549,255
"709","MN010400",5.31395348837209,86
"710","QN074500",7.07816711590297,371
"711","QN029700",4.80851063829787,47
"712","QN009700",5.35384615384615,130
"713","BK085600",5.1,60
"714","BK021900",5.55714285714286,70
"715","BX030900",4.69753086419753,162
"716","BK031702",4.54761904761905,42
"717","BK093800",4.65671641791045,67
"718","BX040500",4.56382978723404,94
"719","MN026900",5.1792828685259,251
"720","QN065900",5.3780487804878,82
"721","MN014401",5.19702602230483,269
"722","QN002800",5.41860465116279,43
"723","BK005800",5.89759036144578,166
"724","QN099200",6.33333333333333,117
"725","BK098600",4.78,50
"726","SI012803",5.82258064516129,434
"727","SI014606",5.6,165
"728","BX021000",5.06593406593407,273
"729","BX018300",5.01578947368421,190
"730","MN029300",5.03723404255319,188
"731","BK049800",6.0718954248366,153
"732","BK036001",7.8661311914324,747
"733","BK043200",6.69230769230769,247
"734","BK078800",4.55357142857143,56
"735","BK098200",5.75308641975309,81
"736","QN029200",4.95098039215686,102
"737","SI015603",5.39837398373984,123
"738","BK019000",5.67479674796748,123
"739","BK035100",6.15094339622642,106
"740","QN070700",4.96428571428571,84
"741","BK023600",6.58293838862559,422
"742","BK033300",5.45535714285714,112
"743","BK051800",5.28571428571429,84
"744","BX040800",5.41791044776119,67
"745","BK050500",5.51818181818182,110
"746","BK099200",5.16,25
"747","QN027300",5.14545454545455,110
"748","BK054800",6.5,110
"749","BK041800",6.67226890756303,238
"750","BK084600",4.98275862068965,58
"751","MN002602",5.14179104477612,134
"752","QN045500",6.4954954954955,222
"753","BK078400",5.32692307692308,52
"754","BK033000",7.00473933649289,211
"755","MN001402",5.11428571428571,210
"756","QN108102",5.49230769230769,65
"757","MN025500",5.5625,160
"758","BK092800",5.14285714285714,42
"759","QN004001",5.25,40
"760","BK029800",5.75572519083969,131
"761","QN006500",5.45810055865922,179
"762","BK046201",6.97324414715719,299
"763","BK042400",6.23033707865169,178
"764","BK055800",6.84158415841584,202
"765","QN014000",5.76146788990826,109
"766","BK059200",6.86158192090396,354
"767","BK029200",6.97142857142857,175
"768","BK025800",5.85915492957746,213
"769","BK056600",6.40384615384615,208
"770","BK047800",5.67226890756303,119
"771","BK074400",6.02857142857143,70
"772","BK052600",6.71428571428571,189
"773","BX025500",5.36486486486486,74
"774","BX026900",4.88888888888889,54
"775","BK045200",5.86585365853659,164
"776","BK081400",4.5,52
"777","QN059000",4.14285714285714,28
"778","BK029600",6.78611111111111,360
"779","BK034900",4.796875,64
"780","BX020100",4.94736842105263,38
"781","QN014300",5.37894736842105,95
"782","QN118900",5.34426229508197,61
"783","QN044300",5.64465408805031,318
"784","QN056000",4.8974358974359,39
"785","QN122701",5.78118161925602,457
"786","BK050600",5.4140625,128
"787","BK025200",6.34274193548387,248
"788","BK027600",6.048,125
"789","BK036200",6.51515151515152,99
"790","BK014800",5.525,80
"791","BK060800",7.03112840466926,257
"792","BK053800",7.11293260473588,549
"793","BX037503",6.52325581395349,86
"794","QN014900",5.20967741935484,62
"795","BK044100",5.66981132075472,106
"796","MN022400",5.03225806451613,124
"797","BK043600",6.99668874172185,302
"798","BK026400",5.57894736842105,152
"799","BK036400",7.60431654676259,139
"800","QN024300",5.09090909090909,154
"801","QN047900",5.33802816901408,142
"802","QN051500",5.32098765432099,162
"803","BK076000",6.95419847328244,262
"804","BK028900",5.74025974025974,77
"805","BK086200",5.24324324324324,37
"806","BK053200",5.96045197740113,177
"807","BK007100",5.24113475177305,141
"808","MN022500",4.83657587548638,257
"809","BK030000",5.81720430107527,186
"810","QN023800",5.12068965517241,58
"811","BK027800",6.0314465408805,159
"812","BK040900",4.67857142857143,28
"813","BK099800",5.64705882352941,68
"814","BX035800",4.57342657342657,143
"815","BK079600",4.88,125
"816","BK082400",4.83606557377049,61
"817","BK027400",5.64102564102564,117
"818","QN018200",4.82758620689655,29
"819","SI027703",5.04803493449782,229
"820","QN033900",5.67,100
"821","BK121400",4.796875,64
"822","QN081800",5.18181818181818,66
"823","BX044000",4.85,20
"824","BK026200",5.53684210526316,95
"825","BK013900",5.32467532467532,77
"826","BX040100",4.59459459459459,37
"827","BX032400",5.68518518518519,108
"828","SI021900",5.52631578947368,19
"829","BK030400",6.46894409937888,322
"830","BK013100",5.56521739130435,69
"831","BK024500",5.13888888888889,36
"832","QN021600",5.45205479452055,146
"833","SI003300",4.86075949367089,79
"834","BK054400",6.83955223880597,268
"835","BK058000",6.17703349282297,209
"836","BK100400",5,42
"837","BK011600",6.52851711026616,263
"838","BK048200",6.728125,320
"839","BX033200",6.77777777777778,459
"840","BK048000",6.65217391304348,161
"841","QN001800",4.7,50
"842","QN012200",5.01818181818182,55
"843","BK017400",5.36666666666667,90
"844","SI027702",5.50592885375494,253
"845","BK045600",7.06417112299465,187
"846","BK057400",5.89922480620155,129
"847","BK057200",6.89527027027027,296
"848","BK011800",5.66666666666667,42
"849","BK032800",6.36458333333333,96
"850","BK035200",7.7425,400
"851","SI007400",5.61904761904762,147
"852","BK112800",4.59183673469388,49
"853","MN030300",4.675,80
"854","BX023502",5.33333333333333,105
"855","BK054600",7.34968017057569,469
"856","BK075800",6.30821917808219,146
"857","BK053000",6.78740157480315,127
"858","BK028600",7.28473413379074,583
"859","BK007700",5.78735632183908,174
"860","BK061002",6.87631578947368,380
"861","MN023101",4.69924812030075,133
"862","SI011202",5.98780487804878,164
"863","BX023701",5,53
"864","BK057800",6.29946524064171,187
"865","QN079000",4.6,40
"866","BK025500",5.48809523809524,84
"867","QN038400",4.53571428571429,56
"868","BK040000",6.3037037037037,135
"869","QN046900",5.05263157894737,152
"870","QN119900",5.45454545454545,77
"871","QN126700",5.40506329113924,79
"872","BK032600",7.31831831831832,333
"873","BK046001",6.88020833333333,192
"874","BX022500",4.83823529411765,68
"875","QN124700",5.80786026200873,229
"876","BK055000",7.07165109034268,321
"877","MN002202",5.3030303030303,33
"878","SI020100",5.28571428571429,119
"879","BK008200",5.74324324324324,74
"880","QN059100",5.95454545454545,88
"881","MN010300",5.50943396226415,106
"882","MN017201",5.4125,80
"883","BK050100",6.63380281690141,142
"884","BX012702",5.39285714285714,28
"885","BK056300",5.82456140350877,114
"886","QN069300",6.00813008130081,123
"887","BK053700",6.69158878504673,107
"888","BK121000",5.88732394366197,71
"889","QN085900",5.62162162162162,148
"890","QN061601",4.85869565217391,92
"891","BX040702",4.60576923076923,104
"892","BK032300",4.96103896103896,77
"893","MN014500",5.29834254143646,181
"894","QN012400",6,45
"895","QN027100",5.24503311258278,151
"896","QN038100",5,91
"897","QN013700",4.98039215686275,51
"898","QN011600",5.28205128205128,39
"899","QN014500",5.075,80
"900","BK052900",5.65882352941177,85
"901","QN140300",5.19626168224299,107
"902","SI024400",5.40199335548173,301
"903","QN062700",5.62921348314607,89
"904","BK075000",7.032,125
"905","BK017300",4.73333333333333,15
"906","BK007400",5.41428571428571,70
"907","SI012200",5.42483660130719,153
"908","BK007500",5.13432835820895,134
"909","QN033000",4.66071428571429,112
"910","BK037500",4.26086956521739,23
"911","BK072400",4.71794871794872,39
"912","MN019400",5.3135593220339,118
"913","BK023400",6.7814371257485,334
"914","SI030302",5.02702702702703,74
"915","BK054000",7,154
"916","SI011401",5.67010309278351,97
"917","BK027500",5.74,50
"918","QN150702",5.91497975708502,247
"919","BK015000",5.43965517241379,116
"920","BK003000",5.36904761904762,84
"921","BK053500",5.74418604651163,129
"922","SI002700",6.6,115
"923","BK056800",5.40625,64
"924","BK041200",6.45333333333333,150
"925","BK027200",6.43478260869565,230
"926","SI030301",5.29126213592233,103
"927","QN094201",6.30769230769231,39
"928","BK017600",5.8348623853211,109
"929","BK006800",5.89285714285714,168
"930","QN114700",5.54128440366972,109
"931","BK028502",5.71590909090909,88
"932","BK009800",5.25609756097561,82
"933","BK006500",5.31720430107527,186
"934","BK014600",5.38983050847458,59
"935","SI012804",6.04166666666667,96
"936","BK016900",5.46543778801843,217
"937","QN103201",5.59677419354839,62
"938","MN008300",5.57446808510638,94
"939","BK018000",5.59090909090909,88
"940","BK003800",5.33333333333333,69
"941","SI020801",5.52059925093633,267
"942","BK018600",5.61946902654867,113
"943","BK101400",5,44
"944","QN059600",5.81632653061224,49
"945","BK038900",5.515625,64
"946","BK073000",5.48,75
"947","MN012700",5.09022556390977,133
"948","QN111300",5.71074380165289,121
"949","BK005601",5.44505494505495,182
"950","QN059300",5.08035714285714,112
"951","BX002000",5.36046511627907,172
"952","BK046400",6.08474576271186,59
"953","SI003900",5,60
"954","BK110200",5.78823529411765,85
"955","BX006900",5.4537037037037,108
"956","BK033500",5.12941176470588,85
"957","BK029300",5.94666666666667,75
"958","BK070600",5.50617283950617,162
"959","BK021700",5.39393939393939,66
"960","BK064800",5.69014084507042,71
"961","QN074100",5.72115384615385,208
"962","BK101200",5.33333333333333,45
"963","MN005200",4.90666666666667,75
"964","BK025902",5.12068965517241,58
"965","BK074600",5.87012987012987,77
"966","SI017600",5.56737588652482,141
"967","BK005602",5.85333333333333,75
"968","BK027300",5.375,48
"969","QN010600",5.62264150943396,53
"970","QN061900",5.31481481481481,108
"971","SI015601",5.23232323232323,297
"972","QN155102",5.50636942675159,314
"973","BX028100",5.8531746031746,252
"974","BX021800",5.09230769230769,65
"975","QN042600",4.65671641791045,67
"976","BK032500",5.08333333333333,120
"977","BX008700",5.21917808219178,73
"978","QN035300",5.08695652173913,46
"979","QN069500",5.66141732283465,127
"980","QN094500",5.42990654205607,214
"981","BX042100",5,63
"982","QN021400",5.69064748201439,139
"983","QN060000",5.07692307692308,52
"984","BK047400",6.05298013245033,151
"985","QN025100",5.015625,256
"986","QN046700",5.22018348623853,109
"987","MN020101",5.56,25
"988","BK047000",5.93,100
"989","MN000700",5.625,32
"990","QN035100",5.25850340136054,147
"991","SI010500",5.02803738317757,107
"992","BK075400",5.83908045977012,87
"993","BK017100",5.2781954887218,133
"994","QN124100",5.8781512605042,238
"995","BK016300",5.59322033898305,59
"996","QN050500",4.9622641509434,53
"997","BX045102",5.1970802919708,137
"998","SI009700",5.70689655172414,58
"999","BK029900",6.12658227848101,79
"1000","MN022701",5.25,72
"1001","BX038600",4.93939393939394,99
"1002","MN018200",5.56050955414013,157
"1003","MN019200",4.87,100
"1004","BX042400",6.33846153846154,130
"1005","BX024300",5.11111111111111,45
"1006","BK116200",5.03448275862069,29
"1007","BX046000",7.18085106382979,94
"1008","BK037900",5.22222222222222,27
"1009","BX007400",5.28925619834711,121
"1010","BK114000",6.96969696969697,33
"1011","BX001600",6.28804347826087,184
"1012","QN033402",4.88336933045356,463
"1013","MN025300",5.27393617021277,376
"1014","BX045800",5.01075268817204,93
"1015","BK038500",5.03508771929825,57
"1016","BX020500",5.35185185185185,108
"1017","BK089000",6.19607843137255,153
"1018","MN022800",5.12903225806452,93
"1019","MN022102",5.16129032258065,31
"1020","QN036600",5.92105263157895,76
"1021","BX002702",5.63636363636364,33
"1022","BX006100",4.8141592920354,226
"1023","BX038500",5.88888888888889,45
"1024","BX016200",6.4622641509434,106
"1025","BK046500",5.75714285714286,70
"1026","BK063600",5.84615384615385,78
"1027","BX009400",6.67777777777778,90
"1028","BK048600",5.06153846153846,65
"1029","BX018400",5.34931506849315,146
"1030","BK045800",5.93693693693694,111
"1031","BK044400",6.09859154929577,213
"1032","BK034100",6.08943089430894,123
"1033","QN108101",5.3125,80
"1034","BK005100",4.29787234042553,47
"1035","BK013500",5.72222222222222,54
"1036","QN024500",5.39261744966443,298
"1037","QN049302",4.90909090909091,110
"1038","QN000600",5.09615384615385,52
"1039","BK052500",6.30487804878049,164
"1040","BK053900",6.3984375,128
"1041","MN003601",5.04705882352941,85
"1042","BK080000",4.87128712871287,101
"1043","SI014605",5.24747474747475,198
"1044","QN068700",5.91216216216216,148
"1045","MN021702",4.41025641025641,39
"1046","BX034200",4.29166666666667,24
"1047","BX005302",4.80645161290323,31
"1048","BX034600",4.8,110
"1049","BX006200",5.10280373831776,107
"1050","BX027400",5.36305732484076,471
"1051","MN020902",5.52941176470588,17
"1052","MN023000",5.02238805970149,134
"1053","MN021900",4.77099236641221,131
"1054","BX021200",4.91752577319588,97
"1055","BK028100",4.97872340425532,47
"1056","QN050202",6.10714285714286,28
"1057","BX030200",5.79395604395604,364
"1058","BK093600",5.39583333333333,48
"1059","QN024800",5.4020618556701,97
"1060","BX005400",5.21875,64
"1061","BX006700",5.47422680412371,97
"1062","MN023900",5.42682926829268,82
"1063","BX014400",5.14782608695652,115
"1064","QN018401",5.09375,32
"1065","MN004402",5.72941176470588,85
"1066","BX039000",5.48,25
"1067","BX012901",5.58536585365854,41
"1068","MN021400",4.953125,128
"1069","BX042600",5,118
"1070","MN020000",5.72,50
"1071","MN002400",4.77333333333333,150
"1072","BK019400",5.30275229357798,109
"1073","BK016200",6.14432989690722,97
"1074","BX016400",5.35,40
"1075","BX041300",4.95384615384615,130
"1076","QN070900",5.55140186915888,107
"1077","BK054500",6.13840830449827,289
"1078","BK058800",6.34722222222222,216
"1079","QN002000",5.53846153846154,39
"1080","QN058500",5.46875,96
"1081","BK026800",5.84761904761905,210
"1082","BK022000",6.39285714285714,196
"1083","QN051100",4.7910447761194,67
"1084","SI014100",5.86792452830189,53
"1085","BK120800",5.98086124401914,209
"1086","BK003900",5.19512195121951,41
"1087","BX032200",6.56451612903226,62
"1088","BX029600",4.95,40
"1089","BK018100",5.97014925373134,67
"1090","BK052200",6.225,40
"1091","BX008600",4.98913043478261,92
"1092","BK013700",5.08536585365854,82
"1093","BX037400",4.57894736842105,57
"1094","BX007000",4.73469387755102,49
"1095","SI017900",4.98064516129032,155
"1096","BX013300",5.288,125
"1097","BX014700",5.08208955223881,134
"1098","QN113900",5.61904761904762,126
"1099","BK081200",5.09615384615385,104
"1100","BX005902",4.91304347826087,69
"1101","BX004300",5.14925373134328,67
"1102","MN018600",5.16783216783217,143
"1103","BX002800",5.02234636871508,179
"1104","BX012300",5.2741935483871,62
"1105","BX046202",6.79239766081871,342
"1106","BK037700",4.62121212121212,66
"1107","QN019600",4.95652173913043,23
"1108","QN037100",5.47368421052632,38
"1109","BK088400",5.08333333333333,60
"1110","BK077200",5.93162393162393,117
"1111","BX041100",5.20454545454545,44
"1112","QN010300",5.12578616352201,159
"1113","BX011501",5.39285714285714,28
"1114","QN085300",5.5195530726257,179
"1115","MN003100",4.72,25
"1116","BK115200",5.46428571428571,28
"1117","SI008100",6.42857142857143,308
"1118","BK048900",5.33333333333333,99
"1119","QN064500",5.11363636363636,88
"1120","QN084601",5.53086419753086,81
"1121","QN025900",5.20588235294118,68
"1122","QN064102",5.21428571428571,28
"1123","QN003000",4.72222222222222,36
"1124","BX043600",5.32432432432432,37
"1125","QN027800",5.31914893617021,47
"1126","BX038000",6.22651933701657,181
"1127","BK109800",5.14285714285714,14
"1128","MN020800",4.48076923076923,52
"1129","QN107201",5.69387755102041,98
"1130","QN041400",4.77049180327869,61
"1131","QN084602",6.0625,16
"1132","QN147900",5.45789473684211,190
"1133","QN037500",5,45
"1134","BK043300",5.8989898989899,99
"1135","QN049700",5.55263157894737,76
"1136","QN054000",4.55714285714286,70
"1137","QN097300",5.44230769230769,156
"1138","QN051700",5.3968253968254,63
"1139","QN053400",4.78048780487805,41
"1140","QN027900",5.25263157894737,190
"1141","QN114100",5.53529411764706,170
"1142","BX044902",5.2,90
"1143","QN161700",5.13065326633166,199
"1144","BX013000",5.32,50
"1145","QN052600",5.35135135135135,37
"1146","BX004400",5.99346405228758,153
"1147","BX005901",5.32432432432432,74
"1148","BX043800",4.89393939393939,66
"1149","QN050000",5.17117117117117,111
"1150","SI009601",5.692,250
"1151","MN026100",5.35555555555556,360
"1152","SI004000",5.33139534883721,172
"1153","BK009200",5.64556962025316,79
"1154","BX013800",5.35365853658537,82
"1155","MN019000",5.47777777777778,90
"1156","BX002701",5.34285714285714,35
"1157","BX017300",5.77631578947368,76
"1158","BX036100",4.86065573770492,122
"1159","BX025400",5.16666666666667,90
"1160","QN064101",5.53205128205128,156
"1161","QN067101",5.3013698630137,73
"1162","QN015100",5.27941176470588,68
"1163","QN142900",5.29186602870813,209
"1164","QN015300",5.36363636363636,44
"1165","QN052700",4.95918367346939,49
"1166","QN090700",5.60526315789474,38
"1167","QN145900",5.44360902255639,133
"1168","QN119300",5.21176470588235,85
"1169","QN083800",5.51239669421488,121
"1170","QN066500",5.23076923076923,208
"1171","BK066200",5.81481481481481,81
"1172","QN063900",5.49640287769784,139
"1173","QN063800",5.03296703296703,91
"1174","QN024700",4.8,25
"1175","QN055200",5.57547169811321,106
"1176","QN006100",5.53731343283582,134
"1177","QN115100",5.06666666666667,60
"1178","QN008600",5.45945945945946,74
"1179","QN053000",4.64814814814815,54
"1180","BK094402",5.81318681318681,91
"1181","QN047100",4.98461538461538,65
"1182","QN012601",3.95238095238095,42
"1183","QN063302",4.97590361445783,83
"1184","BK026700",5.81196581196581,117
"1185","QN001400",5.525,80
"1186","QN021200",5.66666666666667,27
"1187","BK095600",5.79710144927536,69
"1188","BX025200",4.92708333333333,96
"1189","BX031600",5.2741935483871,62
"1190","QN047600",5.1304347826087,69
"1191","QN067102",5.38235294117647,68
"1192","QN120100",4.94230769230769,52
"1193","QN055400",5.03636363636364,55
"1194","QN078800",4.93023255813953,43
"1195","QN062100",5.68235294117647,85
"1196","QN042000",4.45161290322581,31
"1197","QN040400",5.13924050632911,79
"1198","QN040000",4.4,35
"1199","BX037100",5.42528735632184,87
"1200","QN087100",6.22222222222222,36
"1201","SI023100",5.61818181818182,110
"1202","SI016902",4.95454545454545,66
"1203","SI016901",5.5,102
"1204","SI002100",5.61538461538461,78
"1205","SI015100",5.31225296442688,253
"1206","QN057700",5.05154639175258,97
"1207","SI007500",6.26315789473684,152
"1208","SI014604",5.51953125,256
"1209","SI002002",5.14285714285714,154
"1210","SI013302",5.41463414634146,41
"1211","SI012100",4.92715231788079,151
"1212","SI013201",5.15652173913043,115
"1213","BK030800",5.66379310344828,116
"1214","BK077000",4.67857142857143,56
"1215","BK039600",5.58333333333333,84
"1216","SI007000",5.90295358649789,237
"1217","BK026000",5.73469387755102,147
"1218","MN005600",4.56,50
"1219","BK016800",5.83809523809524,105
"1220","QN049301",4.75581395348837,86
"1221","QN023000",5.0377358490566,53
"1222","BK019300",5.39144736842105,304
"1223","BK047200",6.26717557251908,131
"1224","BK080400",4.6,45
"1225","BK083000",5.49333333333333,75
"1226","BK048800",6.01369863013699,146
"1227","BK058600",5.43,100
"1228","BK058200",6.40804597701149,174
"1229","BK068800",5.65822784810127,79
"1230","BK044600",5.86153846153846,65
"1231","BK038200",5.94326241134752,141
"1232","BK020400",5.74603174603175,126
"1233","BK038600",5.55725190839695,131
"1234","BX026100",4.54347826086957,92
"1235","BK057000",6.47852760736196,326
"1236","BX017900",4.85483870967742,62
"1237","BK114202",4.39393939393939,33
"1238","BK018501",5.32258064516129,62
"1239","BK021300",5.82051282051282,78
"1240","BK019900",5.5,60
"1241","BK038100",5.76623376623377,77
"1242","BK065000",5.64150943396226,53
"1243","QN060600",4.86538461538461,52
"1244","QN059800",5.04347826086957,46
"1245","QN028000",4.73076923076923,26
"1246","BK102600",5.40425531914894,47
"1247","BK066000",5.42268041237113,97
"1248","QN094700",5.40845070422535,71
"1249","QN009500",5.5625,80
"1250","QN109100",5.44615384615385,130
"1251","QN012100",5.24050632911392,79
"1252","SI001700",5.02777777777778,36
"1253","SI009100",5.08163265306122,49
"1254","QN150701",4.90816326530612,196
"1255","QN115900",5.32173913043478,115
"1256","QN051300",4.75,68
"1257","QN060100",4.94827586206897,58
"1258","MN024700",5.27963525835866,329
"1259","BK078600",4.8735632183908,87
"1260","BX021302",5.25,68
"1261","BX004700",5.33695652173913,92
"1262","BK077400",6.14285714285714,56
"1263","MN028500",5.29756097560976,205
"1264","BK034300",5.30769230769231,104
"1265","SI024700",4.9622641509434,53
"1266","MN027700",5.42056074766355,321
"1267","BX007500",5.18292682926829,82
"1268","BK034500",5.18181818181818,33
"1269","BK031900",5.16438356164384,73
"1270","QN018402",5.12903225806452,31
"1271","BX028900",5.36875,160
"1272","QN086100",5.26582278481013,79
"1273","BX034100",4.89473684210526,76
"1274","BX041900",5.97368421052632,76
"1275","QN036100",5.84313725490196,51
"1276","MN020701",4.23404255319149,47
"1277","BK091000",5.79041916167665,167
"1278","BK085000",4.87755102040816,49
"1279","BK093000",4.68627450980392,51
"1280","BK051900",5.85964912280702,57
"1281","QN013200",5.82666666666667,75
"1282","BK036700",5.75,16
"1283","BK002100",5.67741935483871,31
"1284","BK082600",4.37864077669903,103
"1285","BK081800",5.28358208955224,67
"1286","BK014300",5.26415094339623,53
"1287","BK051200",5.04878048780488,82
"1288","BK010000",5.21774193548387,124
"1289","BK019700",5.63235294117647,68
"1290","BK020600",5.64347826086957,115
"1291","BK117202",5.65909090909091,44
"1292","BK021400",5.86842105263158,38
"1293","BK079400",4.93333333333333,15
"1294","BK023100",5.29333333333333,75
"1295","BK040200",5.67708333333333,96
"1296","QN047500",4.90990990990991,111
"1297","QN143500",5.55660377358491,106
"1298","BX022300",4.92523364485981,107
"1299","BK014100",5.60975609756098,41
"1300","BX031200",5,63
"1301","BX038900",5.38181818181818,55
"1302","BX014900",5.29824561403509,57
"1303","QN109900",5.5655737704918,122
"1304","BX028600",4.75609756097561,41
"1305","BX027101",4.77777777777778,36
"1306","BK074000",5.2741935483871,62
"1307","BK116400",5.125,48
"1308","BK006900",5.16666666666667,78
"1309","QN048400",4.89156626506024,83
"1310","BK018200",5.8125,112
"1311","QN026600",5.51041666666667,96
"1312","BK006400",5.42335766423358,137
"1313","SI024800",4.8,125
"1314","QN084000",5.38582677165354,127
"1315","BX039400",7,138
"1316","BK088600",5.38333333333333,60
"1317","BK003300",4.76,25
"1318","MN005300",4.625,16
"1319","BK097400",6.82377049180328,244
"1320","BK090800",5.575,40
"1321","BX008500",4.96875,64
"1322","BX025600",5.75806451612903,62
"1323","QN059500",5.61224489795918,98
"1324","QN157901",5.23033707865169,178
"1325","MN005800",5,29
"1326","BK069800",6.25,56
"1327","BX024600",5.65277777777778,72
"1328","BK044500",5.68627450980392,51
"1329","BK025000",5.48387096774194,62
"1330","QN067700",5.18867924528302,106
"1331","QN072900",5.67567567567568,74
"1332","QN119100",5.55844155844156,77
"1333","BK056200",5.28169014084507,71
"1334","BK092200",5.46666666666667,90
"1335","BK042200",6.56329113924051,158
"1336","MN023501",4.93333333333333,135
"1337","QN004700",5.80405405405405,148
"1338","QN066700",5.15172413793103,145
"1339","QN035500",5.17977528089888,89
"1340","QN018500",5.26315789473684,190
"1341","MN011600",5.11267605633803,71
"1342","BX035100",5.07920792079208,101
"1343","BX031900",4.5859872611465,157
"1344","BX021601",4.82352941176471,51
"1345","BK046800",5.97368421052632,38
"1346","QN046800",4.96,50
"1347","MN012500",5.16666666666667,42
"1348","QN026700",5.20618556701031,97
"1349","BK060000",6.13802083333333,384
"1350","BK040400",5.80232558139535,86
"1351","BX004600",5.5,50
"1352","MN025100",4.86301369863014,73
"1353","MN020400",5.47560975609756,82
"1354","BK117602",4.93939393939394,33
"1355","BK044200",6.56578947368421,152
"1356","BK095000",5.34210526315789,38
"1357","BK037100",4.35714285714286,28
"1358","BK037300",5.68367346938776,98
"1359","SI009602",5.6566265060241,166
"1360","BK039200",6.31914893617021,141
"1361","QN002600",5.15625,32
"1362","QN061800",5.41666666666667,36
"1363","BX003600",5.26744186046512,172
"1364","MN028900",5.35,140
"1365","BX040302",4.44117647058824,34
"1366","BX007100",4.96428571428571,28
"1367","BK087800",6.62820512820513,156
"1368","BX048400",4.96666666666667,60
"1369","MN029100",4.96428571428571,224
"1370","BK043900",5.10526315789474,57
"1371","BK026100",4.84615384615385,39
"1372","BX006400",5.24,75
"1373","QN055300",4.96666666666667,30
"1374","BX024100",3.84210526315789,38
"1375","BK018300",5.625,32
"1376","QN010800",5.31428571428571,35
"1377","BX007700",4.63636363636364,22
"1378","BK055100",5.57142857142857,77
"1379","BK114800",5.2962962962963,27
"1380","QN043900",5.07894736842105,38
"1381","BK049500",5.98507462686567,67
"1382","BK080200",4.61797752808989,89
"1383","QN015800",5.09615384615385,104
"1384","BK051300",5.42222222222222,90
"1385","BK082000",4.63157894736842,57
"1386","BX026500",5.26041666666667,96
"1387","QN002200",5.725,40
"1388","QN040100",4.69811320754717,53
"1389","BX019800",5.55932203389831,59
"1390","QN060300",5.22413793103448,58
"1391","BX023900",5.39285714285714,56
"1392","BK111000",5.23333333333333,60
"1393","QN064600",4.89473684210526,76
"1394","BX021502",5.35714285714286,42
"1395","QN036300",5.36363636363636,22
"1396","BX011502",5.59459459459459,37
"1397","BX023702",5.27777777777778,18
"1398","BX035400",7.16470588235294,85
"1399","QN076902",5.56451612903226,62
"1400","MN002201",4.94514767932489,237
"1401","BX003900",5.65420560747664,107
"1402","MN030700",4.77777777777778,117
"1403","BK119200",4.58823529411765,17
"1404","QN081400",4.65079365079365,63
"1405","BK024400",6.08620689655172,116
"1406","SI006500",5.46153846153846,39
"1407","BK041600",6.0495867768595,121
"1408","SI005000",5.6453488372093,172
"1409","MN005400",5.01438848920863,139
"1410","SI031901",5.28125,32
"1411","BK084200",4.61538461538461,26
"1412","BK067600",5.50909090909091,55
"1413","BK096800",5.52,25
"1414","BK029100",5.35294117647059,34
"1415","SI020803",5.52197802197802,182
"1416","SI002001",5.3125,64
"1417","BX023000",5.01960784313725,51
"1418","BK039300",4.70588235294118,34
"1419","QN112300",5.30612244897959,49
"1420","QN039800",4.5,36
"1421","BK074800",6.01492537313433,67
"1422","BX012500",5.55172413793103,29
"1423","BX008800",4.94827586206897,58
"1424","QN004401",5.3780487804878,82
"1425","MN021701",4.47826086956522,23
"1426","BX003500",5,50
"1427","BK027102",6.16666666666667,24
"1428","MN023400",4.58974358974359,39
"1429","BX004800",5.078125,64
"1430","MN002000",5.25,128
"1431","QN061200",5.43055555555556,72
"1432","BX036300",5.2027027027027,74
"1433","QN008700",6.14492753623188,69
"1434","QN018800",4.76190476190476,21
"1435","BX037000",4.69767441860465,43
"1436","QN005800",5.43150684931507,146
"1437","QN003800",5.35,40
"1438","QN027600",4.70588235294118,17
"1439","QN063700",5.42207792207792,154
"1440","QN049600",4.91935483870968,62
"1441","BK025300",5.69444444444444,36
"1442","QN035200",5.24137931034483,58
"1443","QN025200",4.98484848484848,66
"1444","BX016100",4.9010989010989,91
"1445","BX022701",5.3,40
"1446","QN026100",4.97894736842105,95
"1447","BK024900",5.52380952380952,63
"1448","BK079200",5.30612244897959,49
"1449","MN018000",5.63309352517986,139
"1450","BK036501",5.67307692307692,52
"1451","QN053600",5.23076923076923,39
"1452","BX044901",5.64347826086957,115
"1453","BX023200",5.12,50
"1454","QN037600",5.03875968992248,129
"1455","BX005000",5.12280701754386,114
"1456","MN015601",6.41228070175439,114
"1457","QN118100",6,50
"1458","QN044602",5.375,56
"1459","BK006600",5.57936507936508,126
"1460","QN043200",3.95454545454545,22
"1461","BX009200",4.88888888888889,54
"1462","BX002500",5.28571428571429,63
"1463","QN051600",4.53571428571429,28
"1464","BX007800",5.33009708737864,103
"1465","SI000700",5.28947368421053,76
"1466","QN056700",5.21100917431193,109
"1467","BK102400",5.53125,32
"1468","QN010200",5.15555555555556,45
"1469","QN048000",5.11320754716981,53
"1470","QN012000",5.51612903225806,31
"1471","QN052500",5.44117647058824,68
"1472","QN068300",5.35057471264368,174
"1473","QN079900",4.98979591836735,98
"1474","QN052200",5.25925925925926,27
"1475","QN017200",5.25806451612903,31
"1476","QN063301",4.60294117647059,68
"1477","QN014201",4.84782608695652,46
"1478","QN005200",4.86666666666667,45
"1479","QN113300",5.17391304347826,92
"1480","SI011402",5.46875,160
"1481","QN054900",5.33846153846154,65
"1482","BX038700",4.75675675675676,37
"1483","MN003602",4.78787878787879,33
"1484","QN052100",5.41379310344828,58
"1485","QN056600",5.15384615384615,26
"1486","BK103400",6.36,125
"1487","MN004300",5.24460431654676,139
"1488","BK004300",4.95918367346939,49
"1489","BK006200",5.85470085470085,117
"1490","QN025500",4.97959183673469,49
"1491","QN066400",5.10897435897436,156
"1492","BK039500",5.765625,64
"1493","BK052300",5.93859649122807,114
"1494","BK065200",5.36206896551724,58
"1495","BK022900",5.56666666666667,30
"1496","BK019500",5.36,75
"1497","BX011900",4.95454545454545,66
"1498","QN058300",5.33333333333333,102
"1499","BX044800",4.19444444444444,36
"1500","QN157102",5.24324324324324,74
"1501","BK089400",4.97674418604651,43
"1502","BK057300",5.49206349206349,63
"1503","BK059800",6.07222222222222,180
"1504","QN062400",5.6,25
"1505","BK022300",6.82142857142857,112
"1506","BK073400",4.95238095238095,42
"1507","BK086400",4.88524590163934,61
"1508","QN062600",4.53225806451613,62
"1509","BK088200",4.96581196581197,117
"1510","BK024100",5.97520661157025,121
"1511","BK088000",4.95238095238095,84
"1512","BK061800",5.41666666666667,60
"1513","QN059200",5.15151515151515,33
"1514","BK012802",5.34782608695652,23
"1515","BK041700",5.88461538461539,130
"1516","BK042900",4.92156862745098,51
"1517","BK051100",5.35294117647059,119
"1518","BX008300",5.15384615384615,65
"1519","QN026400",5.3015873015873,63
"1520","MN026700",5.13725490196078,51
"1521","BK028700",5.49019607843137,51
"1522","BK049000",6.95253164556962,316
"1523","BK014000",5.67605633802817,142
"1524","QN044601",5.08474576271186,59
"1525","BK030700",5.84615384615385,65
"1526","QN024000",5.1044776119403,67
"1527","BK035300",5.36607142857143,112
"1528","QN017000",4.75,32
"1529","BK014500",5.22666666666667,75
"1530","QN077300",5.89473684210526,76
"1531","BX022800",6.70760233918129,171
"1532","QN146700",5.17391304347826,92
"1533","BK060600",6.90188679245283,265
"1534","BK025600",5.32089552238806,134
"1535","BK111800",5.68421052631579,19
"1536","QN116700",4.72972972972973,37
"1537","QN053800",4.83333333333333,36
"1538","BX024000",5.52380952380952,42
"1539","BX015500",5.88095238095238,42
"1540","BX036501",6.15384615384615,26
"1541","BK022600",5.57575757575758,33
"1542","BK018800",5.54782608695652,115
"1543","BK057900",5.64705882352941,17
"1544","BX016900",5.8,20
"1545","QN044200",5.65714285714286,70
"1546","BK072000",6.01785714285714,56
"1547","BK021200",5.45217391304348,115
"1548","BK051000",4.51,100
"1549","BX021501",4.96666666666667,30
"1550","BK112000",5.75609756097561,41
"1551","BK119400",4.58620689655172,29
"1552","BK101600",4.89473684210526,38
"1553","BX045400",4.18604651162791,43
"1554","QN068000",5.13095238095238,84
"1555","BX034000",5.52941176470588,68
"1556","QN017900",5.3,20
"1557","BK011000",5.64864864864865,37
"1558","BK101800",5.52941176470588,34
"1559","BX019500",4.86138613861386,101
"1560","QN121500",5.07058823529412,85
"1561","BX025300",5.61111111111111,54
"1562","SI020700",5.32142857142857,84
"1563","BK042700",5.44186046511628,43
"1564","QN014202",5.78888888888889,90
"1565","QN054500",5.73469387755102,49
"1566","BK116000",5.53846153846154,39
"1567","QN020400",5.71014492753623,69
"1568","BX036800",5.76923076923077,26
"1569","MN002601",4.51923076923077,52
"1570","BK068600",6.13675213675214,117
"1571","BK078200",4.5,72
"1572","QN000400",5.55555555555556,63
"1573","QN050800",4.3,30
"1574","QN051200",5.36363636363636,66
"1575","QN028200",4.26086956521739,23
"1576","BX014500",5.13636363636364,88
"1577","BX005600",5.14893617021277,47
"1578","BK099000",5.6875,32
"1579","BK028300",5.45652173913043,46
"1580","BK065400",5.77464788732394,71
"1581","BK020800",5.59842519685039,127
"1582","BK098800",7.336,125
"1583","QN013000",5.54,50
"1584","QN059900",5,58
"1585","BK025100",5.66037735849057,53
"1586","QN003100",4.68571428571429,35
"1587","BK087401",4.90265486725664,113
"1588","SI019700",5.18390804597701,87
"1589","SI027900",6.29189189189189,185
"1590","QN056800",4.82417582417582,91
"1591","BX038800",5.15789473684211,38
"1592","QN014400",5.61111111111111,18
"1593","BX050200",4.41666666666667,24
"1594","BX033400",5.35135135135135,37
"1595","QN059400",4.40677966101695,59
"1596","MN011202",5.63636363636364,44
"1597","BX021602",5.51063829787234,94
"1598","QN009400",5.60714285714286,28
"1599","BK065800",5.71276595744681,94
"1600","BX037800",5.35897435897436,39
"1601","BK042300",7.07594936708861,79
"1602","BX042200",4.31707317073171,41
"1603","BX024500",5.13095238095238,84
"1604","BX038100",4.32142857142857,56
"1605","BX032800",5.46078431372549,102
"1606","QN015400",4.81818181818182,22
"1607","MN011100",4.98214285714286,56
"1608","QN032000",4.82258064516129,62
"1609","MN016600",5.21,100
"1610","BK012902",5.88461538461539,26
"1611","QN056200",5.67857142857143,28
"1612","BK120200",4.94117647058824,17
"1613","MN002100",5.46666666666667,90
"1614","BK089200",6.03333333333333,30
"1615","BX015700",5.03333333333333,30
"1616","QN004300",5.89108910891089,101
"1617","QN019800",5.14285714285714,28
"1618","BK058900",5.11320754716981,53
"1619","QN037700",4.72222222222222,18
"1620","BK043700",5.11538461538461,52
"1621","QN020600",5,23
"1622","BK102800",4.04,25
"1623","QN047000",4.82352941176471,51
"1624","QN046300",5.5,42
"1625","BK117000",4.70588235294118,17
"1626","BK078000",4.60606060606061,66
"1627","BK115000",5.78571428571429,14
"1628","QN017600",4.97368421052632,38
"1629","QN033401",5.18421052631579,38
"1630","BX013100",5,45
"1631","BX002300",5.20952380952381,105
"1632","QN042700",6.24193548387097,62
"1633","BK007200",5.15789473684211,38
"1634","QN036500",5.32,25
"1635","BK115800",5.38709677419355,31
"1636","BK009400",5.60377358490566,106
"1637","BK050900",5.86666666666667,15
"1638","BX020400",5.11363636363636,44
"1639","QN126500",5.2962962962963,54
"1640","BK039800",6.28571428571429,70
"1641","BK114600",5.32258064516129,31
"1642","BK017900",6.27981651376147,218
"1643","BK118800",5.08823529411765,34
"1644","BK028000",5.625,72
"1645","QN013600",5.90804597701149,87
"1646","BK012000",4.65217391304348,23
"1647","QN065000",4.78571428571429,98
"1648","BK098400",5.82758620689655,29
"1649","BK069200",5.66197183098592,71
"1650","BK083800",5.24,50
"1651","BK083200",4.45833333333333,48
"1652","BK036100",5.71739130434783,46
"1653","BX007300",4.37777777777778,45
"1654","BX039200",4.55,20
"1655","QN073100",5.23076923076923,78
"1656","QN069000",5.13461538461539,52
"1657","BK049200",7,133
"1658","QN051000",5.79411764705882,34
"1659","BX015300",5.41304347826087,46
"1660","BX006800",5.37837837837838,37
"1661","BK053100",6.44186046511628,43
"1662","BX042800",5.10526315789474,38
"1663","QN061400",4.79487179487179,39
"1664","BK088800",4.84745762711864,59
"1665","QN023600",5.04651162790698,43
"1666","BK102200",5.70833333333333,48
"1667","BK041100",5.04166666666667,48
"1668","QN015000",5,41
"1669","SI013301",5.39393939393939,33
"1670","BK087600",4.75862068965517,29
"1671","BX019300",5.50847457627119,59
"1672","BK024300",5.24242424242424,66
"1673","BK003500",4.82608695652174,23
"1674","QN040300",5.21818181818182,55
"1675","BX018900",5.35211267605634,71
"1676","QN033700",4.91666666666667,36
"1677","BK090200",5.1,50
"1678","QN052400",4.88888888888889,54
"1679","BK034700",5.41463414634146,41
"1680","BX007900",4.71296296296296,108
"1681","BK086800",4.47692307692308,65
"1682","BK120000",4.84615384615385,26
"1683","QN041300",5.54347826086957,46
"1684","MN004700",5.09375,64
"1685","QN045800",4.92156862745098,51
"1686","BX023301",4.38297872340426,47
"1687","BK044300",5.41071428571429,56
"1688","BX040600",5.24444444444444,45
"1689","BK043500",5.38888888888889,36
"1690","MN024302",4.91056910569106,123
"1691","QN050600",5.67567567567568,37
"1692","BX041800",5.23684210526316,38
"1693","MN011203",5.73170731707317,82
"1694","BK112400",6,36
"1695","BK081000",5.47169811320755,53
"1696","QN046500",4.70833333333333,48
"1697","MN008400",4.5,16
"1698","QN041100",5.06451612903226,31
"1699","QN060400",4.59574468085106,47
"1700","QN032800",5.0625,48
"1701","MN021301",5.13559322033898,59
"1702","BK023000",6.33333333333333,75
"1703","QN005100",5.66666666666667,39
"1704","QN055700",5.04395604395604,91
"1705","QN048500",5.25438596491228,114
"1706","QN009600",5.16326530612245,49
"1707","BX022901",4.6,35
"1708","BX036901",5.45,40
"1709","BX019900",4.77464788732394,71
"1710","MN004500",5.40909090909091,22
"1711","QN016100",5,72
"1712","MN006900",4.5,28
"1713","QN040700",5.109375,64
"1714","BX039902",5.35,40
"1715","QN062300",5.19736842105263,76
"1716","BX043200",5.35,40
"1717","BX043500",5.60869565217391,23
"1718","MN001502",5.88235294117647,51
"1719","BK118202",5.74358974358974,39
"1720","BK050300",6.15384615384615,78
"1721","BK072200",5.07692307692308,78
"1722","BK033700",5.66666666666667,93
"1723","QN015600",4.53846153846154,39
"1724","BX039100",5.21621621621622,74
"1725","SI027704",5.25773195876289,97
"1726","MN011900",5.54,50
"1727","QN066000",5.16363636363636,55
"1728","BX004001",5.11538461538461,52
"1729","BK004200",5.34444444444444,90
"1730","BK031100",4.91891891891892,37
"1731","BX042300",4.96153846153846,52
"1732","QN057900",5.46341463414634,41
"1733","BK030300",5.88461538461539,52
"1734","QN060700",4.95,60
"1735","SI012500",5.44615384615385,65
"1736","QN095200",5.03703703703704,27
"1737","BK012400",5.51612903225806,62
"1738","MN024301",5.38461538461539,52
"1739","BK099600",5.36363636363636,66
"1740","QN051800",4.34375,32
"1741","BK050800",5.03680981595092,163
"1742","QN009800",5.15151515151515,33
"1743","BK097000",5.61538461538461,26
"1744","BK020000",5.41836734693878,98
"1745","BK101000",5.4,35
"1746","QN054700",4.2280701754386,57
"1747","BK115600",5.92647058823529,68
"1748","QN062500",4.85294117647059,68
"1749","BX042000",5.43636363636364,55
"1750","BK040600",6.00970873786408,103
"1751","QN056500",4.85714285714286,14
"1752","BK069000",5.28813559322034,59
"1753","BK122000",5.15,40
"1754","BX025100",5.10526315789474,57
"1755","QN058000",4.81081081081081,74
"1756","QN108300",5.52112676056338,71
"1757","QN045900",5.27777777777778,72
"1758","QN053200",4.97727272727273,44
"1759","BK006300",5.11594202898551,69
"1760","QN065702",5.14473684210526,76
"1761","BK064400",5.36708860759494,79
"1762","BK061400",6.16949152542373,59
"1763","BK019800",5.7125,80
"1764","BK075200",6.08433734939759,83
"1765","BK085800",5.09433962264151,53
"1766","BK004600",5.36363636363636,77
"1767","BK056900",4.75,48
"1768","BK013600",5.33333333333333,159
"1769","BK075600",5.69444444444444,72
"1770","BK007800",5.58974358974359,78
"1771","QN000200",5.58695652173913,46
"1772","BX000200",4.83333333333333,60
"1773","QN119500",5.07547169811321,53
"1774","BX021701",4.96774193548387,31
"1775","QN004002",5.3,20
"1776","BX023400",6.20833333333333,24
"1777","QN028400",4.65573770491803,61
"1778","QN026900",5.0969696969697,165
"1779","BK051400",4.97979797979798,99
"1780","QN026200",6.23076923076923,13
"1781","BK040300",4.91836734693878,49
"1782","BK063800",5.85227272727273,88
"1783","BX035900",4.05263157894737,19
"1784","QN019200",5.27027027027027,37
"1785","BK002901",6.18367346938776,49
"1786","BX023600",5.05882352941176,34
"1787","BK009600",5.67777777777778,90
"1788","BK030100",5.06896551724138,29
"1789","BX019700",4.95522388059702,67
"1790","QN015200",5.375,24
"1791","BK055500",4.9375,16
"1792","BX024700",4.23809523809524,21
"1793","BK013200",5.56164383561644,73
"1794","BK008000",5.79310344827586,174
"1795","QN115500",5.47916666666667,48
"1796","BX014100",5.52,50
"1797","BK034801",7.16666666666667,12
"1798","BX035600",4.88095238095238,42
"1799","BK087000",4.92424242424242,66
"1800","QN086400",5.11764705882353,51
"1801","QN009100",5.38356164383562,73
"1802","BK051500",5.93333333333333,45
"1803","BK044800",5.77777777777778,63
"1804","QN050400",4.72222222222222,36
"1805","QN039400",5.125,64
"1806","QN072500",4.82758620689655,29
"1807","BK011700",5.53125,32
"1808","QN001000",6.13333333333333,60
"1809","BX015100",4.83333333333333,36
"1810","QN061000",4.82692307692308,52
"1811","BK064600",5.94666666666667,75
"1812","BK041401",5.67241379310345,58
"1813","BK007600",5.2741935483871,62
"1814","SI029102",5.31481481481481,54
"1815","SI023900",5.01960784313725,51
"1816","QN062900",5.61290322580645,62
"1817","QN015700",5.96153846153846,26
"1818","QN037300",4.875,24
"1819","BK026500",5.82926829268293,41
"1820","BK029700",5.23529411764706,68
"1821","BK032700",5.50793650793651,63
"1822","BK096600",4.80952380952381,42
"1823","QN058800",4.64102564102564,39
"1824","BK119600",5.25,40
"1825","BX037502",5.0625,16
"1826","QN060800",5.07692307692308,39
"1827","BX021100",4.77551020408163,49
"1828","BK020100",4.94339622641509,53
"1829","BK096200",5.52,25
"1830","BK059100",4.71818181818182,110
"1831","QN003400",5.30555555555556,36
"1832","QN001900",5.5,16
"1833","BX013500",5.09302325581395,43
"1834","BX035200",4.96666666666667,30
"1835","BK013300",5.37179487179487,78
"1836","MN017800",5.15384615384615,65
"1837","QN039900",5.18518518518519,27
"1838","BK015100",5,66
"1839","BK094000",4.56410256410256,39
"1840","BK006700",5,83
"1841","BX006600",5.5625,48
"1842","BK036900",5.10714285714286,56
"1843","BX042500",5.29508196721311,61
"1844","MN020702",3.48148148148148,27
"1845","BX022100",4.79591836734694,49
"1846","MN015602",4.73076923076923,52
"1847","QN019402",5.27272727272727,33
"1848","MN022600",5.01785714285714,56
"1849","QN053500",5.04347826086957,23
"1850","BK090600",5.6986301369863,73
"1851","BK022100",5.43478260869565,46
"1852","BK021600",5.93457943925234,107
"1853","BK043100",5.23913043478261,46
"1854","BK016100",5.35897435897436,39
"1855","QN097202",6.83333333333333,18
"1856","BK039900",5.36231884057971,69
"1857","BK012901",5.23809523809524,21
"1858","BK015800",6.09649122807018,114
"1859","QN040500",5.15,20
"1860","BX008900",5.5,70
"1861","QN030400",5.19354838709677,62
"1862","BK111200",5.1,20
"1863","BK099400",5.20833333333333,24
"1864","QN020502",5.1875,16
"1865","BK024800",5.39473684210526,114
"1866","BX035000",5.24137931034483,29
"1867","QN028800",5.28125,64
"1868","QN044800",4.97368421052632,38
"1869","BK089600",5.375,24
"1870","BK008800",5.75,48
"1871","BK024700",5.72413793103448,29
"1872","SI006400",5.40350877192982,114
"1873","SI027302",5.13934426229508,122
"1874","QN055600",4.7962962962963,54
"1875","BK012500",5.47619047619048,21
"1876","BK004700",6.21739130434783,23
"1877","BX039700",4.77777777777778,27
"1878","BX012102",5.73684210526316,19
"1879","MN011500",5.27272727272727,22
"1880","MN023502",4.69230769230769,39
"1881","BK091400",5,21
"1882","BK031701",4.45714285714286,35
"1883","BX009900",5.25,28
"1884","BX003300",5.41935483870968,31
"1885","QN011800",4.58620689655172,29
"1886","QN140901",5.3125,48
"1887","BK040100",5.19444444444444,36
"1888","QN032700",5.65573770491803,61
"1889","BX006000",4.76923076923077,13
"1890","BK053600",7.04761904761905,63
"1891","QN026000",5.4,15
"1892","BK117400",5.11111111111111,36
"1893","BX034400",4.61111111111111,36
"1894","QN046100",5.025,40
"1895","QN046400",5.14634146341463,41
"1896","SI017007",5.42857142857143,77
"1897","BK022400",5.46153846153846,78
"1898","BX012701",5.51351351351351,37
"1899","BX003100",3.66666666666667,12
"1900","QN040900",4.75,32
"1901","BK023700",5.84615384615385,13
"1902","BK038700",5.55882352941176,34
"1903","BK026300",4.95,20
"1904","BK112600",4.275,40
"1905","QN062000",4.67692307692308,65
"1906","BK027900",5.3030303030303,66
"1907","BK047700",6.04938271604938,81
"1908","QN049500",4.82222222222222,45
"1909","BK041500",4.59090909090909,44
"1910","BK100600",5.44444444444444,45
"1911","QN015500",5.06060606060606,33
"1912","QN079200",5.2037037037037,54
"1913","BK096400",6.23529411764706,34
"1914","BK005700",5.53846153846154,13
"1915","BK081600",4.52941176470588,51
"1916","SI000800",5.4070796460177,113
"1917","BK118400",4.92307692307692,52
"1918","BK009000",5.42105263157895,38
"1919","BK022800",5.72881355932203,59
"1920","BX044600",5.57142857142857,28
"1921","QN073500",4.66,50
"1922","QN006700",5.66666666666667,30
"1923","BX040400",4.79166666666667,48
"1924","QN086700",5.28571428571429,14
"1925","SI032300",5.84615384615385,13
"1926","QN068200",5.6551724137931,29
"1927","BK014700",5.27777777777778,36
"1928","QN008300",4.74468085106383,47
"1929","BK118600",5.13793103448276,29
"1930","BK051700",5.85714285714286,35
"1931","QN060200",5.51219512195122,41
"1932","QN010400",5.52631578947368,57
"1933","QN087500",6.5,12
"1934","BK113400",4.31578947368421,19
"1935","QN052000",4.13793103448276,29
"1936","BK023500",5.21428571428571,14
"1937","BX020800",4.76470588235294,34
"1938","BK015300",5.23076923076923,52
"1939","BK036300",5.56338028169014,71
"1940","BK085400",4.32258064516129,31
"1941","BK067400",5.74468085106383,47
"1942","BX004100",5.56565656565657,99
"1943","BX015600",5.775,40
"1944","BK025700",4.1304347826087,23
"1945","QN018000",5,22
"1946","QN054800",5.06521739130435,46
"1947","BK080600",5.15555555555556,45
"1948","MN024900",5.8,25
"1949","QN019000",4.48148148148148,27
"1950","MN020600",5.34285714285714,35
"1951","BK002500",5.225,40
"1952","QN020800",5.7741935483871,31
"1953","BK079000",4.55714285714286,70
"1954","QN036800",5.1,40
"1955","BK020500",5.37037037037037,27
"1956","QN027400",4.45714285714286,35
"1957","BK100800",5.86666666666667,30
"1958","BX036600",4.92857142857143,14
"1959","QN073300",4.4375,48
"1960","BK089800",4,17
"1961","QN076800",5.71428571428571,14
"1962","BX042901",4.76,25
"1963","BX000400",4.77272727272727,66
"1964","BK055700",4.56521739130435,23
"1965","QN018600",5.18181818181818,22
"1966","BK114201",6.06060606060606,33
"1967","BK041900",4.91304347826087,46
"1968","BK049900",5.54385964912281,57
"1969","QN055800",4.92857142857143,42
"1970","BK110600",5.33333333333333,57
"1971","BK091800",4.82352941176471,34
"1972","BX022702",3.92307692307692,13
"1973","QN003200",5,22
"1974","QN040200",5.60606060606061,33
"1975","QN042200",4.55263157894737,38
"1976","BX023501",4.86363636363636,22
"1977","BX037900",4.5,38
"1978","QN014100",4.80555555555556,36
"1979","BK113000",5.53333333333333,30
"1980","SI031902",6.07017543859649,57
"1981","BK015600",5.88,25
"1982","QN020200",5.61904761904762,21
"1983","BK039700",5.48387096774194,31
"1984","BX033800",5.02325581395349,43
"1985","BK012100",5.66666666666667,30
"1986","SI001500",5.11764705882353,17
"1987","QN014800",5.89473684210526,19
"1988","BX019600",4.61538461538461,13
"1989","BK092000",5.18918918918919,37
"1990","BK035900",4.82857142857143,35
"1991","SI000900",5.54838709677419,31
"1992","BX025700",4.63157894736842,19
"1993","MN019702",5.28947368421053,38
"1994","BK042100",5.9375,48
"1995","BK112200",5.66666666666667,33
"1996","BK117201",5.48148148148148,27
"1997","QN016800",5.11764705882353,34
"1998","BX023302",4.70588235294118,17
"1999","QN016600",6.16666666666667,48
"2000","QN045600",5.22222222222222,18
"2001","MN022702",4.375,16
"2002","BK054700",6.08333333333333,36
"2003","BK113200",4.57894736842105,19
"2004","BX038200",5.3125,32
"2005","MN010100",5.97727272727273,44
"2006","QN005500",5.11111111111111,18
"2007","MN022200",4.90322580645161,31
"2008","BK026900",5.35483870967742,31
"2009","BK117601",6.03333333333333,30
"2010","MN000900",6,12
"2011","BK090000",5.59259259259259,54
"2012","QN052800",4.33333333333333,33
"2013","SI007700",5.4,15
"2014","QN069400",4.50877192982456,57
"2015","BX012101",5.48484848484848,33
"2016","QN061602",5.08571428571429,35
"2017","BX037700",5.37837837837838,37
"2018","QN019401",4.45,20
"2019","BK022700",4.56410256410256,39
"2020","BK070202",6.44444444444444,36
"2021","QN063000",4.05882352941176,34
"2022","BX033300",4.52631578947368,19
"2023","QN044000",4.63888888888889,36
"2024","QN055900",5.07692307692308,13
"2025","BK035700",6.52173913043478,23
"2026","QN025800",4.95833333333333,24
"2027","MN009600",6.4,15
"2028","MN005502",4.79411764705882,34
"2029","MN014700",4.42857142857143,14
"2030","QN027200",4.54545454545455,22
"2031","MN022302",6.05555555555556,18
"2032","BK094200",5.3125,16
"2033","BK116600",6.36842105263158,19
"2034","BK111400",4.2,20
"2035","BX022902",5.21428571428571,14
"2036","SI022300",5.03030303030303,33
"2037","QN017800",4.78947368421053,19
"2038","QN065400",4.94594594594595,37
"2039","BX036902",5.15,20
"2040","MN009400",6.23529411764706,17
"2041","QN094202",5.64705882352941,34
"2042","QN004100",5.92857142857143,14
"2043","BK020300",4.35,20
"2044","BK115400",5,21
"2045","MN020300",4.92857142857143,14
"2046","BX012902",4.64285714285714,14
"2047","BK091600",4.58064516129032,31
"2048","MN017402",6,39
"2049","BK067200",5.5625,16
"2050","QN029300",4.70588235294118,17
"2051","BK048700",5.46153846153846,13
"2052","QN036700",4.84615384615385,39
"2053","BK044700",5.47058823529412,17
"2054","BK019100",6.26666666666667,30
"2055","BX003800",5.43478260869565,23
"2056","BX013700",5.1304347826087,23
"2057","BK107000",6.52941176470588,17
"2058","QN027000",3.86666666666667,15
"2059","BK027101",5.3,20
